song_id,title,artist,genre,mood
song_0001,Whom wrong,Tiffany Berg,Pop,Happy
song_0002,Explain nice main,Kyle Diaz,Jazz,Sad
song_0003,Position turn today eat,Joseph Morales,Rock,Sad
song_0004,Still Republican,Jack Cline,Pop,Happy
song_0005,Down,Kathryn Hunt,Classical,Chill
song_0006,Simple,Eileen Adams,Pop,Happy
song_0007,Tax life six,Candace Salazar,Pop,Sad
song_0008,Federal near beat,Dawn Oliver,Rock,Happy
song_0009,Car argue pay,Joseph Morgan,Classical,Sad
song_0010,Bed world,Crystal Gilbert,Classical,Chill
song_0011,Main least,Michael Maddox,Rock,Chill
song_0012,Society case risk,Jeffery Raymond,Classical,Energetic
song_0013,Month,Andrea Lee,Pop,Sad
song_0014,Store laugh can,Hannah Chambers,Hip-Hop,Energetic
song_0015,Return him performance,Alexis Porter,Jazz,Sad
song_0016,Son go,Suzanne Nunez,Rock,Energetic
song_0017,Another try media,Justin Moreno,Pop,Happy
song_0018,Director natural,Christopher Harris,Hip-Hop,Happy
song_0019,Myself,Amy Nelson,Jazz,Energetic
song_0020,Policy factor,Heidi Pearson,Classical,Energetic
song_0021,There various marriage,Rachel Bean,Pop,Chill
song_0022,Quite subject,Patricia Miles,Classical,Happy
song_0023,Radio land,Dennis Hogan,Hip-Hop,Happy
song_0024,Level head need magazine,Barbara Page,Classical,Energetic
song_0025,Explain space take,Erin Grant,Classical,Energetic
song_0026,Address treat she,Vincent Patel,Classical,Sad
song_0027,Memory eight,Mr. Raymond Wallace,Pop,Happy
song_0028,Least often bill,Tracy Dunn,Rock,Energetic
song_0029,Professor painting support,Catherine Whitaker,Pop,Sad
song_0030,Analysis tough,Peter Moody,Pop,Chill
song_0031,Fly concern take,Leonard Kemp,Jazz,Chill
song_0032,Democrat perhaps green,Michael West,Jazz,Sad
song_0033,Check physical,Steven Hall,Jazz,Energetic
song_0034,Music set chance ask,Robin Sanford,Rock,Energetic
song_0035,Good each nation,Brian Brooks,Pop,Sad
song_0036,Ahead,Dana Mcpherson,Classical,Sad
song_0037,Song believe source worry,Brittney Alvarez,Rock,Chill
song_0038,Girl student,Kelsey Bray,Hip-Hop,Energetic
song_0039,Too building machine,Kelly Wilkinson,Classical,Sad
song_0040,Prepare author action,Brandon Rodriguez,Jazz,Happy
song_0041,Nor yard some key,Tommy Ball,Rock,Happy
song_0042,Discuss include young,Ashley Clark,Jazz,Chill
song_0043,Energy,Angela Goodman,Jazz,Happy
song_0044,Medical be claim,Justin Wheeler,Rock,Energetic
song_0045,Mention process end,Danielle Johnson,Rock,Chill
song_0046,Make interest,Veronica Dixon,Hip-Hop,Chill
song_0047,You upon story,Thomas Davis,Rock,Energetic
song_0048,Kid record dark,Philip Ruiz,Rock,Sad
song_0049,Artist but why,Brittany Bowen,Classical,Energetic
song_0050,Result training,David French,Classical,Chill
song_0051,Practice certain,Edward Nguyen,Classical,Chill
song_0052,A lead safe,Cody Boyd,Jazz,Sad
song_0053,Past school must music,David Sanchez,Rock,Chill
song_0054,Current,Harry Blankenship,Pop,Happy
song_0055,For place relate,Michael Guzman,Pop,Sad
song_0056,As item office,Jesus Herring,Rock,Chill
song_0057,Family real military,Kent Taylor,Classical,Happy
song_0058,Green huge figure,Jeffrey Burton,Hip-Hop,Chill
song_0059,Style type,Jocelyn Griffin,Classical,Chill
song_0060,Friend year body,Cody Morris,Classical,Energetic
song_0061,Window product,Daniel Chapman,Classical,Happy
song_0062,Three customer memory,Tracy Lawson,Pop,Energetic
song_0063,Six technology,Melissa Johnson,Jazz,Happy
song_0064,Lose glass,John Orr,Jazz,Chill
song_0065,Wait rule say address,Philip Stanley,Rock,Chill
song_0066,Yes section I office,Michael Rose,Pop,Energetic
song_0067,Camera couple,Nancy Sims,Classical,Sad
song_0068,Future size,Chad Gomez,Classical,Happy
song_0069,Ago wall choice,Yolanda Frost,Jazz,Sad
song_0070,Vote skin head,Joseph Brandt,Rock,Energetic
song_0071,Where front,William Gonzales,Rock,Happy
song_0072,Case type,Rodney Scott,Classical,Energetic
song_0073,Several,Angela Henderson,Hip-Hop,Happy
song_0074,Page area low party,Edward Edwards,Pop,Energetic
song_0075,Politics animal,Andrew Davis,Jazz,Sad
song_0076,Produce,Nicholas Newman,Pop,Sad
song_0077,Movement can phone address,Colleen Briggs,Classical,Happy
song_0078,Decade mission note,Jessica Hamilton,Pop,Chill
song_0079,When audience,Daniel Sanchez,Pop,Sad
song_0080,Finish order prevent,Emily Stevenson,Rock,Chill
song_0081,Line instead,Emily Harper,Classical,Sad
song_0082,Mention,Jason Crawford,Jazz,Chill
song_0083,Personal,Todd Mcmillan,Rock,Sad
song_0084,Gas,Amanda Mckenzie,Jazz,Chill
song_0085,Because they,Jessica Hartman,Jazz,Chill
song_0086,Ever their,Lauren Chapman,Classical,Chill
song_0087,Better major majority,Robert Richmond,Pop,Sad
song_0088,Exist skill black,Brian Spencer,Rock,Happy
song_0089,Pattern shake explain,Douglas Martinez,Jazz,Happy
song_0090,Purpose your,Virginia Singleton,Classical,Sad
song_0091,Owner religious kid,Marcus Obrien,Classical,Sad
song_0092,Part dog budget,Kurt Evans,Pop,Happy
song_0093,Produce almost already,Jason Benitez,Pop,Sad
song_0094,Son me lose,Sean Smith,Pop,Happy
song_0095,Mind expert business,Nicole Riddle,Jazz,Happy
song_0096,Recent study what,Nancy Knight,Classical,Sad
song_0097,Five several there,Cassandra Shaw,Jazz,Chill
song_0098,Enter employee four,Jonathan Parker,Rock,Sad
song_0099,Base certainly million Mrs,Sara Cruz,Classical,Chill
song_0100,Deep speak answer field,Jerry Hancock,Rock,Chill
song_0101,Reach evidence prevent,Thomas Bennett,Hip-Hop,Sad
song_0102,Employee arm family,John Casey,Pop,Happy
song_0103,Thing,Kristina Davis DVM,Hip-Hop,Energetic
song_0104,Really add car agree,Darrell Kim,Hip-Hop,Chill
song_0105,Leader indeed cup,Kathy Johnson,Hip-Hop,Happy
song_0106,Front middle yeah,Ryan Frazier,Pop,Happy
song_0107,Energy join right,Ms. Jackie Phillips,Hip-Hop,Energetic
song_0108,Dream provide fine,Luis Nguyen,Pop,Sad
song_0109,Rather onto fire,Marvin Barr,Rock,Sad
song_0110,Every carry,Dr. Jack Lewis II,Classical,Chill
song_0111,You reason,Tammy Morales,Rock,Chill
song_0112,Lawyer,Steven Lambert,Rock,Energetic
song_0113,Fast foreign create,Sarah Bailey,Hip-Hop,Sad
song_0114,Speak station hope,Susan Kelley,Pop,Chill
song_0115,Record hospital beyond,James Pittman,Classical,Happy
song_0116,Actually scientist name,Shannon Jones,Pop,Happy
song_0117,Town author,Robert Marshall,Pop,Sad
song_0118,Several health fish,Pamela Mays,Rock,Chill
song_0119,Allow,Craig Williams,Hip-Hop,Chill
song_0120,Suggest another,Hannah Wise,Rock,Chill
song_0121,Six lay,Kathryn Conway,Pop,Sad
song_0122,Court establish ask,Stephen Norman,Hip-Hop,Happy
song_0123,Process long,Lisa Sherman,Hip-Hop,Energetic
song_0124,Sure serious wait,Brandon Allen,Hip-Hop,Energetic
song_0125,Eat detail,John Johnson,Hip-Hop,Chill
song_0126,Operation as along,Heather Davidson,Rock,Sad
song_0127,Little,Cindy King,Jazz,Sad
song_0128,Push eight reason,David Murray,Pop,Happy
song_0129,Decision poor position,Eileen Sampson,Jazz,Happy
song_0130,Take stock find,Melissa Stone,Pop,Chill
song_0131,Because bar so suddenly,Michelle Lopez,Classical,Sad
song_0132,Within factor boy PM,Leah Hunt,Pop,Happy
song_0133,Oil ground,Scott Tran,Rock,Happy
song_0134,Course,Jeffrey Newman,Classical,Happy
song_0135,Dream instead,Mr. Anthony Ortiz,Rock,Chill
song_0136,Most player,Courtney Giles,Pop,Sad
song_0137,Skin bar because,Deanna Turner,Classical,Happy
song_0138,Stuff man want,Kathleen Bennett,Classical,Happy
song_0139,Or must,Patricia Haynes,Hip-Hop,Energetic
song_0140,Study hold require,Natalie Williams,Jazz,Sad
song_0141,Structure enter receive,Denise Clarke,Jazz,Sad
song_0142,I shoulder,Sean Kelly,Jazz,Chill
song_0143,Director official,Ms. Lindsey Pope,Rock,Energetic
song_0144,Away benefit,Heidi Lopez,Hip-Hop,Energetic
song_0145,Record true,Teresa Wilson,Pop,Happy
song_0146,Improve,Alejandra Pacheco,Hip-Hop,Happy
song_0147,His choice,Nicholas Parks,Pop,Sad
song_0148,Painting interest,Tim Lee,Classical,Energetic
song_0149,Dark hotel word,Dakota Hartman,Rock,Energetic
song_0150,Pressure according quite,Shawn Parker,Pop,Sad
song_0151,Near standard cultural,Tammy Delacruz,Jazz,Energetic
song_0152,One black,Douglas King,Rock,Chill
song_0153,I whose,David Fox,Classical,Energetic
song_0154,Action section bed,Angel Huerta,Classical,Happy
song_0155,New history large,Teresa Rodriguez,Classical,Energetic
song_0156,Stand stock perhaps,Elizabeth Lopez,Pop,Sad
song_0157,Price first check want,David Rowe,Jazz,Happy
song_0158,Thousand perform where,Sean Nelson,Pop,Sad
song_0159,Fish pick so,Hunter James,Jazz,Energetic
song_0160,Move,Connor Jackson,Classical,Sad
song_0161,Suffer development,Bobby Harris,Jazz,Sad
song_0162,Certainly realize,Kimberly Griffith,Jazz,Chill
song_0163,Fast special modern,Scott Jackson,Jazz,Happy
song_0164,Understand onto first recognize,Hailey Ray,Pop,Chill
song_0165,Explain difference,Lauren Lopez,Jazz,Happy
song_0166,Today investment financial,Mary Morris,Pop,Energetic
song_0167,Part with,Jason Baker,Rock,Energetic
song_0168,Thought help stock,Jeffrey Clark,Rock,Chill
song_0169,Sense exactly,Crystal Ward,Classical,Chill
song_0170,Inside matter,Richard Lee MD,Classical,Happy
song_0171,From foreign,Amber Dyer,Pop,Happy
song_0172,Air discuss,Jose Wilson,Rock,Happy
song_0173,Move participant language,Stephen Meyers,Jazz,Sad
song_0174,Statement city turn,Troy Barnett,Hip-Hop,Sad
song_0175,Store there pick,Jeffrey Graves,Pop,Energetic
song_0176,Painting list glass,James Perez,Jazz,Happy
song_0177,Hit investment president,Denise Hamilton,Jazz,Sad
song_0178,Save through couple,Ryan Espinoza,Rock,Happy
song_0179,Out run,Suzanne Jones,Jazz,Chill
song_0180,Want treat,Amanda Nguyen,Classical,Sad
song_0181,Property carry join,William Johnson,Rock,Sad
song_0182,Pattern become relationship,Beth Martin,Rock,Chill
song_0183,Figure,Destiny Matthews,Pop,Sad
song_0184,Step be number,Patricia Cole,Jazz,Chill
song_0185,Agency fire,Jesus May,Rock,Energetic
song_0186,Deal difference old,Jesse Smith,Rock,Happy
song_0187,Seek mind nearly,Denise Bailey,Hip-Hop,Happy
song_0188,Former her,Eric Boyd,Hip-Hop,Sad
song_0189,Leave range,Garrett Drake,Rock,Chill
song_0190,Mission set,Rebecca Mccormick,Jazz,Energetic
song_0191,Step nice,Erica Roach,Rock,Sad
song_0192,Miss game,Christina Mills,Pop,Sad
song_0193,Likely life,Holly Thomas,Hip-Hop,Energetic
song_0194,Until friend,Zachary Rivera,Jazz,Happy
song_0195,Blue,Elizabeth Baker,Jazz,Energetic
song_0196,Minute especially,Amy Turner,Classical,Chill
song_0197,Benefit your list Mr,Patricia Martinez,Classical,Energetic
song_0198,Magazine our,Kevin Williams,Pop,Happy
song_0199,Write enter visit,Grant Martinez,Jazz,Sad
song_0200,Major,Nancy Blake,Classical,Energetic
